{
    "oscil_dcop_36_b": {
        "A0": 27191.799640386595,
        "A1": 5057610.16375185,
        "A2": 88126.674700753,
        "order": [
            "A0",
            "A2",
            "A1"
        ]
    },
    "scrs8-2b_b_1": {
        "A0": 562.1332675252808,
        "A1": 46382427.646471664,
        "A2": 1867.3039881417194,
        "order": [
            "A0",
            "A2",
            "A1"
        ]
    },
    "lp_etamacro_lo": {
        "A0": 876.8431900572573,
        "A1": 5508863.323574187,
        "A2": 3000.2391323937863,
        "order": [
            "A0",
            "A2",
            "A1"
        ]
    },
    "small_lo_15": {
        "A0": 16768.44334000675,
        "A1": 351208742.91008663,
        "A2": 52800.302467321635,
        "order": [
            "A0",
            "A2",
            "A1"
        ]
    },
    "rw136": {
        "A0": 688.2020740233557,
        "A1": 8596.282652746228,
        "A2": 14189.188233175955,
        "order": [
            "A0",
            "A1",
            "A2"
        ]
    },
    "sphere2_coord": {
        "A0": 658.9469610764254,
        "A1": 18415420.74201911,
        "A2": 2415.8451536299463,
        "order": [
            "A0",
            "A2",
            "A1"
        ]
    }
}